program_name,institution,specialty,city,state,acgme_program_id,website,eras_participation,nrmp_participation,program_type,program_size,program_director,coordinator,contact_email,img_friendly_score,interview_format,visa_j1,visa_h1b,housing_subsidized,step2_score_avg,ai_summary,verified
Internal Medicine Residency Program,"John H. Stroger, Jr. Hospital of Cook County",Internal Medicine,Chicago,IL,1138140C0,https://www.cookcountyhealth.org,True,True,residency,135,,,,9.5,Virtual,True,False,False,242,Large county IM program with broad case volume; historically very IMG-friendly.,True
Internal Medicine Residency Program,Jacobi Medical Center / Albert Einstein College of Medicine,Internal Medicine,Bronx,NY,1475140C0,https://www.jacobiim.org,True,True,residency,96,,,,9.2,Virtual,True,True,True,238,Urban IM residency with strong IMG representation and academic affiliation.,True
Family Medicine Residency Program,BronxCare Health System,Family Medicine,Bronx,NY,1480120C0,https://www.bronxcare.org,True,True,residency,36,,,,9.4,Hybrid,True,True,True,232,Community-based family medicine program with very high IMG share.,True
Internal Medicine Residency Program,Cleveland Clinic Foundation,Internal Medicine,Cleveland,OH,1547140C0,https://my.clevelandclinic.org,True,True,residency,120,,,,7.2,Virtual,True,True,False,252,Large academic IM program; competitive but visa-supported.,True
Internal Medicine Residency Program,Rutgers New Jersey Medical School,Internal Medicine,Newark,NJ,1398140C0,https://njms.rutgers.edu,True,True,residency,105,,,,8.0,Virtual,True,False,False,243,Academic IM residency with moderate IMG representation.,True
Family Medicine Residency Program,Texas Tech University Health Sciences Center,Family Medicine,Lubbock,TX,1724120C0,https://www.ttuhsc.edu,True,True,residency,30,,,,8.4,Hybrid,True,False,False,234,Rural-focused FM program with steady IMG intake.,True
Explore Specialties,FREIDA™ Specialty Guide,,"<!DOCTYPE html><html lang=""en"" data-beasties-container><head> <meta charset=""utf-8""> <title>FREIDA™ Specialty Guide</title> <base href=""/""> <meta name=""viewport"" content=""width=device-width, initial-scale=1""> <meta name=""description"" content=""FREIDA's Specialty Guide is designed to simplify medical students' specialty selection process, highlight major specialties, detail training information","and provide access to related association information.""> <!-- Preconnect to self for NgOptimizedImage priority images (suppresses NG02956) --> <link rel=""preconnect"" href=""https://freida.ama-assn.org""> <!-- Preconnect to critical third-party origins (saves DNS + TLS handshake time) --> <link rel=""preconnect"" href=""https://use.typekit.net""> <link rel=""preconnect"" href=""https://p.typekit.net""> <!-- Adobe Fonts (async to avoid render-blocking) --> <link rel=""preload"" href=""https://use.typekit.net/ycs2iyc.css"" as=""style"" onload=""this.onload=null;this.rel='stylesheet'""> <noscript><link rel=""stylesheet"" href=""https://use.typekit.net/ycs2iyc.css""></noscript> <!-- Favicons --> <link rel=""icon"" href=""assets/icons/favicon-16.png"" type=""image/png"" sizes=""16x16""> <link rel=""icon"" href=""assets/icons/favicon-32.png"" type=""image/png"" sizes=""32x32""> <link rel=""icon"" href=""assets/icons/favicon-48.png"" type=""image/png"" sizes=""48x48""> <link rel=""shortcut icon"" href=""assets/icons/favicon-16.png"" type=""image/x-icon""> <!-- iOS --> <link rel=""apple-touch-icon"" href=""assets/icons/touch-icon-ipad.png"" sizes=""76x76""> <link rel=""apple-touch-icon"" href=""assets/icons/touch-icon-iphone-retina.png"" sizes=""120x120""> <link rel=""apple-touch-icon"" href=""assets/icons/touch-icon-ipad-retina.png"" sizes=""152x152""> <link rel=""apple-touch-startup-image"" href=""assets/icons/touch-icon-start-up-320x480.png""> <!-- Pinned Tab --> <link rel=""mask-icon"" href=""assets/icons/favicon.svg"" color=""red""> <!-- Android --> <link rel=""icon"" href=""assets/icons/icon-192x192.png"" sizes=""192x192""> <link rel=""icon"" href=""assets/icons/icon-128x128.png"" sizes=""128x128""> <link rel=""manifest"" href=""manifest.webmanifest""> <meta name=""theme-color"" content=""#1976d2""> <meta p",,https://freida.ama-assn.org/specialty,False,False,residency,,,,,,,False,False,False,,Auto-extracted from FREIDA.,False
FREIDA™ Road to Residency Guide,Road to Residency | How to apply for residency | AMA,,"<!DOCTYPE html><html lang=""en"" data-beasties-container><head> <meta charset=""utf-8""> <title>Road to Residency | How to apply for residency | AMA</title> <base href=""/""> <meta name=""viewport"" content=""width=device-width, initial-scale=1""> <meta name=""description"" content=""Explore the Road to Residency with FREIDA™ at the American Medical Association. Find residency match timelines, answers to commonly asked questions about applying to residency","and more.""> <!-- Preconnect to self for NgOptimizedImage priority images (suppresses NG02956) --> <link rel=""preconnect"" href=""https://freida.ama-assn.org""> <!-- Preconnect to critical third-party origins (saves DNS + TLS handshake time) --> <link rel=""preconnect"" href=""https://use.typekit.net""> <link rel=""preconnect"" href=""https://p.typekit.net""> <!-- Adobe Fonts (async to avoid render-blocking) --> <link rel=""preload"" href=""https://use.typekit.net/ycs2iyc.css"" as=""style"" onload=""this.onload=null;this.rel='stylesheet'""> <noscript><link rel=""stylesheet"" href=""https://use.typekit.net/ycs2iyc.css""></noscript> <!-- Favicons --> <link rel=""icon"" href=""assets/icons/favicon-16.png"" type=""image/png"" sizes=""16x16""> <link rel=""icon"" href=""assets/icons/favicon-32.png"" type=""image/png"" sizes=""32x32""> <link rel=""icon"" href=""assets/icons/favicon-48.png"" type=""image/png"" sizes=""48x48""> <link rel=""shortcut icon"" href=""assets/icons/favicon-16.png"" type=""image/x-icon""> <!-- iOS --> <link rel=""apple-touch-icon"" href=""assets/icons/touch-icon-ipad.png"" sizes=""76x76""> <link rel=""apple-touch-icon"" href=""assets/icons/touch-icon-iphone-retina.png"" sizes=""120x120""> <link rel=""apple-touch-icon"" href=""assets/icons/touch-icon-ipad-retina.png"" sizes=""152x152""> <link rel=""apple-touch-startup-image"" href=""assets/icons/touch-icon-start-up-320x480.png""> <!-- Pinned Tab --> <link rel=""mask-icon"" href=""assets/icons/favicon.svg"" color=""red""> <!-- Android --> <link rel=""icon"" href=""assets/icons/icon-192x192.png"" sizes=""192x192""> <link rel=""icon"" href=""assets/icons/icon-128x128.png"" sizes=""128x128""> <link rel=""manifest"" href=""manifest.webmanifest""> <meta name=""theme-color"" content=""#1976d2"">",,https://freida.ama-assn.org/road-to-residency-guide,False,False,residency,,,,,,,False,False,False,,Auto-extracted from FREIDA.,False
"<!doctype html> <html lang=""en"" data-beasties-container=""""> <head> <meta charset=""utf-8""> <title>FREIDA Residency Program Database | Me",FREIDA Residency Program Database | Medical Fellowship Database | AMA,,"<!doctype html> <html lang=""en"" data-beasties-container=""""> <head> <meta charset=""utf-8""> <title>FREIDA Residency Program Database | Medical Fellowship Database | AMA</title> <base href=""/""> <meta name=""viewport"" content=""width=device-width, initial-scale=1""> <meta name=""description"" content=""Looking for the right medical residency? Get started by searching 13","000 medical residency and fellowship programs on the AMA's FREIDA database.""> <!-- Preconnect to self for NgOptimizedImage priority images (suppresses NG02956) --> <link rel=""preconnect"" href=""https://freida.ama-assn.org""> <!-- Preconnect to critical third-party origins (saves DNS + TLS handshake time) --> <link rel=""preconnect"" href=""https://use.typekit.net""> <link rel=""preconnect"" href=""https://p.typekit.net""> <!-- Adobe Fonts (async to avoid render-blocking) --> <link rel=""preload"" href=""https://use.typekit.net/ycs2iyc.css"" as=""style"" onload=""this.onload=null;this.rel='stylesheet'""> <noscript><link rel=""stylesheet"" href=""https://use.typekit.net/ycs2iyc.css""></noscript> <!-- Favicons --> <link rel=""icon"" href=""assets/icons/favicon-16.png"" type=""image/png"" sizes=""16x16""> <link rel=""icon"" href=""assets/icons/favicon-32.png"" type=""image/png"" sizes=""32x32""> <link rel=""icon"" href=""assets/icons/favicon-48.png"" type=""image/png"" sizes=""48x48""> <link rel=""shortcut icon"" href=""assets/icons/favicon-16.png"" type=""image/x-icon""> <!-- iOS --> <link rel=""apple-touch-icon"" href=""assets/icons/touch-icon-ipad.png"" sizes=""76x76""> <link rel=""apple-touch-icon"" href=""assets/icons/touch-icon-iphone-retina.png"" sizes=""120x120""> <link rel=""apple-touch-icon"" href=""assets/icons/touch-icon-ipad-retina.png"" sizes=""152x152""> <link rel=""apple-touch-startup-image"" href=""assets/icons/touch-icon-start-up-320x480.png""> <!-- Pinned Tab --> <link rel=""mask-icon"" href=""assets/icons/favicon.svg"" color=""red""> <!-- Android --> <link rel=""icon"" href=""assets/icons/icon-192x192.png"" sizes=""192x192""> <link rel=""icon"" href=""assets/icons/icon-128x128.png"" sizes=""128x128""> <link rel=""manifest"" href=""manifest.webmanifest""> <meta name=""theme-color"" content=""#1976d2""> <meta property=""og:",,https://freida.ama-assn.org/residency-alignment?retake=true,False,False,residency,,,,,,,False,False,False,,Auto-extracted from FREIDA.,False
